1 PERSONA,2 PERSONAS,3 PERSONAS,4 PERSONAS,5 Y MAS PERSONAS
9546.021400000001,10708.304,8983.623300000001,10280.3381,4053.3378
