SIN NIÑOS,NIÑOS - 6 AÑOS,NIÑOS 6 A 15 AÑOS
28031.462700000004,5571.186699999999,9968.9755
